{
  "ALEO/USDT": {
    "count": 1,
    "reasons": [
      "api_returned_none"
    ],
    "first_seen": 1766407962.872785,
    "last_seen": 1766407962.872785,
    "recent_timestamps": [
      1766407962.872785
    ]
  }
}